{
  "sel_key": "T0.7_h1.2_eps0.2",
  "raw": {
    "median": 0.003452777862548828,
    "lo": 0.0026118278503417967,
    "hi": 0.006804227828979493
  },
  "calibrated": {
    "median": 2.0,
    "lo": 1.999159049987793,
    "hi": 2.0033514499664307
  },
  "target_median": 2.0
}