{
  "median": 2.0,
  "lo": 1.999159049987793,
  "hi": 2.0033514499664307
}