{
  "Entropy": {
    "AUROC": 0.3321013136210179,
    "AUPRC": 0.44438549429237845
  },
  "MaxProb": {
    "AUROC": 0.29008464135426165,
    "AUPRC": 0.39132788008791397
  },
  "Margin": {
    "AUROC": 0.45074321189139027,
    "AUPRC": 0.47607020221645624
  },
  "OURS": {
    "AUROC": 0.4931918910702571,
    "AUPRC": 0.5653275831954676,
    "sel_key": "T0.7_h1.2_eps0.2"
  }
}