{
  "median": 2.23,
  "lo": 2.228820447921753,
  "hi": 2.2335516738891603
}