{
  "sel_key": "T0.7_h1.2_eps0.2",
  "raw": {
    "median": 0.0041615962982177734,
    "lo": 0.002982044219970703,
    "hi": 0.007713270187377935
  },
  "calibrated": {
    "median": 2.23,
    "lo": 2.228820447921753,
    "hi": 2.2335516738891603
  },
  "target_median": 2.23
}