{
  "sel_key": "T0.7_h0.3_eps0.05",
  "raw": {
    "median": 0.0,
    "lo": 0.0,
    "hi": 0.004165124893188477
  },
  "calibrated": {
    "median": 2.23,
    "lo": 2.23,
    "hi": 2.2341651248931886
  },
  "target_median": 2.23
}