{
  "Entropy": {
    "AUROC": 0.3237491799868798,
    "AUPRC": 0.40421697995452127
  },
  "MaxProb": {
    "AUROC": 0.3017648282372518,
    "AUPRC": 0.3956674528949325
  },
  "Margin": {
    "AUROC": 0.45079121265940253,
    "AUPRC": 0.4986302463635546
  },
  "OURS": {
    "AUROC": 0.4757516120257924,
    "AUPRC": 0.4820235705526699,
    "sel_key": "T0.7_h0.3_eps0.05"
  }
}