{
  "Entropy": {
    "AUROC": 0.2986127778044449,
    "AUPRC": 0.3927477404475229
  },
  "MaxProb": {
    "AUROC": 0.2678602857645722,
    "AUPRC": 0.36785311234050516
  },
  "Margin": {
    "AUROC": 0.42920686730987695,
    "AUPRC": 0.46357261581733505
  },
  "OURS": {
    "AUROC": 0.5197043152690443,
    "AUPRC": 0.5474395735214369,
    "sel_key": "T0.7_h1.2_eps0.2"
  }
}