{
  "median": 2.02,
  "lo": 2.018820447921753,
  "hi": 2.0235516738891604
}