{
  "Entropy": {
    "AUROC": 0.30595689531032494,
    "AUPRC": 0.4215638820970218
  },
  "MaxProb": {
    "AUROC": 0.2988207811324981,
    "AUPRC": 0.39584904958368594
  },
  "Margin": {
    "AUROC": 0.4486151778428455,
    "AUPRC": 0.47607498071525667
  },
  "OURS": {
    "AUROC": 0.4827917246675947,
    "AUPRC": 0.58478762034218,
    "sel_key": "T0.7_h1.2_eps0.2"
  }
}