{
  "sel_key": "T0.7_h1.2_eps0.2",
  "raw": {
    "median": 0.0041081905364990234,
    "lo": 0.0032619476318359376,
    "hi": 0.00691213607788086
  },
  "calibrated": {
    "median": 2.0,
    "lo": 1.9991537570953368,
    "hi": 2.0028039455413817
  },
  "target_median": 2.0
}