{
  "median": 2.0,
  "lo": 1.9991537570953368,
  "hi": 2.0028039455413817
}