{
  "Entropy": {
    "AUROC": 0.3773820381126098,
    "AUPRC": 0.4293054520295661
  },
  "MaxProb": {
    "AUROC": 0.30677290836653387,
    "AUPRC": 0.3962240684191479
  },
  "Margin": {
    "AUROC": 0.4331749307988928,
    "AUPRC": 0.4643986090780818
  },
  "OURS": {
    "AUROC": 0.3908222531560505,
    "AUPRC": 0.45494207623974375,
    "sel_key": "T0.7_h1.2_eps0.2"
  }
}