{
  "dataset_tag": "vqa2_llava",
  "n_samples": 500,
  "models": {
    "clip_whisper_t5": {
      "metrics": {
        "Entropy": {
          "AUROC": 0.30595689531032494,
          "AUPRC": 0.4215638820970218
        },
        "MaxProb": {
          "AUROC": 0.2988207811324981,
          "AUPRC": 0.39584904958368594
        },
        "Margin": {
          "AUROC": 0.4486151778428455,
          "AUPRC": 0.47607498071525667
        },
        "OURS": {
          "AUROC": 0.4827917246675947,
          "AUPRC": 0.58478762034218,
          "sel_key": "T0.7_h1.2_eps0.2"
        }
      },
      "energies": {
        "median": 2.23,
        "lo": 2.228820447921753,
        "hi": 2.2335516738891603
      },
      "throughput": {
        "ex_per_s": 463.43483522185363
      }
    },
    "blip_clip_whisper": {
      "metrics": {
        "Entropy": {
          "AUROC": 0.30595689531032494,
          "AUPRC": 0.4215638820970218
        },
        "MaxProb": {
          "AUROC": 0.2988207811324981,
          "AUPRC": 0.39584904958368594
        },
        "Margin": {
          "AUROC": 0.4486151778428455,
          "AUPRC": 0.47607498071525667
        },
        "OURS": {
          "AUROC": 0.4827917246675947,
          "AUPRC": 0.58478762034218,
          "sel_key": "T0.7_h1.2_eps0.2"
        }
      },
      "energies": {
        "median": 2.02,
        "lo": 2.018820447921753,
        "hi": 2.0235516738891604
      },
      "throughput": {
        "ex_per_s": 475.99757047748835
      }
    },
    "siglip_whisper_t5": {
      "metrics": {
        "Entropy": {
          "AUROC": 0.3321013136210179,
          "AUPRC": 0.44438549429237845
        },
        "MaxProb": {
          "AUROC": 0.29008464135426165,
          "AUPRC": 0.39132788008791397
        },
        "Margin": {
          "AUROC": 0.45074321189139027,
          "AUPRC": 0.47607020221645624
        },
        "OURS": {
          "AUROC": 0.4931918910702571,
          "AUPRC": 0.5653275831954676,
          "sel_key": "T0.7_h1.2_eps0.2"
        }
      },
      "energies": {
        "median": 2.0,
        "lo": 1.999159049987793,
        "hi": 2.0033514499664307
      },
      "throughput": {
        "ex_per_s": 475.4765303475783
      }
    }
  }
}