{
  "dataset_tag": "coco_clip",
  "n_samples": 500,
  "models": {
    "clip_whisper_t5": {
      "metrics": {
        "Entropy": {
          "AUROC": 0.3237491799868798,
          "AUPRC": 0.40421697995452127
        },
        "MaxProb": {
          "AUROC": 0.3017648282372518,
          "AUPRC": 0.3956674528949325
        },
        "Margin": {
          "AUROC": 0.45079121265940253,
          "AUPRC": 0.4986302463635546
        },
        "OURS": {
          "AUROC": 0.4757516120257924,
          "AUPRC": 0.4820235705526699,
          "sel_key": "T0.7_h0.3_eps0.05"
        }
      },
      "energies": {
        "median": 2.23,
        "lo": 2.23,
        "hi": 2.2341651248931886
      },
      "throughput": {
        "ex_per_s": 448.55201136506065
      }
    },
    "blip_clip_whisper": {
      "metrics": {
        "Entropy": {
          "AUROC": 0.3237491799868798,
          "AUPRC": 0.40421697995452127
        },
        "MaxProb": {
          "AUROC": 0.3017648282372518,
          "AUPRC": 0.3956674528949325
        },
        "Margin": {
          "AUROC": 0.45079121265940253,
          "AUPRC": 0.4986302463635546
        },
        "OURS": {
          "AUROC": 0.4757516120257924,
          "AUPRC": 0.4820235705526699,
          "sel_key": "T0.7_h0.3_eps0.05"
        }
      },
      "energies": {
        "median": 2.02,
        "lo": 2.02,
        "hi": 2.0241651248931887
      },
      "throughput": {
        "ex_per_s": 462.58872534389997
      }
    },
    "siglip_whisper_t5": {
      "metrics": {
        "Entropy": {
          "AUROC": 0.3773820381126098,
          "AUPRC": 0.4293054520295661
        },
        "MaxProb": {
          "AUROC": 0.30677290836653387,
          "AUPRC": 0.3962240684191479
        },
        "Margin": {
          "AUROC": 0.4331749307988928,
          "AUPRC": 0.4643986090780818
        },
        "OURS": {
          "AUROC": 0.3908222531560505,
          "AUPRC": 0.45494207623974375,
          "sel_key": "T0.7_h1.2_eps0.2"
        }
      },
      "energies": {
        "median": 2.0,
        "lo": 1.9991537570953368,
        "hi": 2.0028039455413817
      },
      "throughput": {
        "ex_per_s": 444.0009696600156
      }
    }
  }
}