{
  "Entropy": {
    "AUROC": 0.44432710923374774,
    "AUPRC": 0.47240439448528426
  },
  "MaxProb": {
    "AUROC": 0.26448423174770797,
    "AUPRC": 0.371522320533439
  },
  "Margin": {
    "AUROC": 0.43256692107073713,
    "AUPRC": 0.4611955130513921
  },
  "OURS": {
    "AUROC": 0.5078001248019969,
    "AUPRC": 0.5395504017444088,
    "sel_key": "T0.7_h0.8_eps0.2"
  }
}